Claim No.,vehicle Service dealer code,Vehicle Selling Dealer no,Job Card no,Claim Type,Date of vehicle Sale,Repair Dat,Distance,Mfg Plant,Chassis no,Vehicle Type,Model Description,Registration No,Material cost,Currncy,Material,Mterial number,Quantity,Customer Name,invalid_claim_no,irregular_service_dealer_code,irregular_selling_dealer_code,date_of_vehicle_sale,vehicle_age,invalid_vehicle_age,repair_date,invalid_repair_date,invalid_distance,mfg_date,invalid_mfg_date,suspicious_chassis_match,high_claim_foreign_currency,reg_no_multiple_vehicle_types,Suspicion_cost,duplicate_registration,missing_customer_name,Suspicious Quantity,rule_based_suspicious,isolation_forest_anomaly,final_suspicious,Reason_for_False_Claim
189ad699-75dc-43bf-b65e-7e483e666e32,64173,65152,3577408,Service,19-05-2023,,4193,Plant A,te23085,SUV,Family,nC86cO5835,9121.0,GBP,Spark Plug,994182,8,Laura King,False,False,False,2023-05-19,2,False,,False,False,2023-05-19,False,False,True,False,False,False,False,True,True,False,True,"invalid_currency, Quantity exceed limit"
d158a447-5e7b-4348-9438-c2aaf27375ec,36639,60091,7826030,Recall,10-12-2022,23-11-2020,131499,Plant C,VF22080,Hatchback,Above,Ke27rp8802,6965.0,INR,Engine Oil,579330,1,Cheyenne Glass,False,False,False,2022-12-10,2,False,2020-11-23,False,False,2022-12-10,False,False,False,False,False,False,False,False,False,False,False, irregular pattern 
fa4aa1b7-64af-44c9-b4dd-a029c565e1ba,19076,68764,4761072,Recall,21-06-2020,23-08-2021,61588,Plant B,RJ88590,Hatchback,Quite,vv88QA7491,8077.0,JPY,Engine Oil,279224,4,Matthew Taylor,False,False,False,2020-06-21,5,False,2021-08-23,False,False,2020-06-21,False,False,True,False,False,False,False,True,True,True,True,"invalid_currency, Quantity exceed limit, Irregular patterns detected by Isolation Forest"
c72ab08f-df25-454f-81ac-f18beedfd598,36160,15681,7063306,Recall,27-08-2022,10-09-2021,101357,Plant B,zH05293,Sedan,Born,Lz20tc0885,7318.0,INR,Air Filter,998765,5,Amber Brooks,False,False,False,2022-08-27,3,False,2021-09-10,False,False,2022-08-27,False,False,False,False,False,False,False,True,True,False,True,Quantity exceed limit
71ff10fc-bb3e-4f07-8d9a-cafb7fb5f718,13983,20483,9897227,Recall,30-12-2024,30-12-2024,100204,Plant B,Ac59954,Convertible,Bar,XO10JK6696,2182.0,JPY,Spark Plug,395122,8,Sandra Garza,False,False,False,2024-12-30,0,False,2024-12-30,False,False,2024-12-30,False,False,True,False,False,False,False,True,True,False,True,"invalid_currency, Quantity exceed limit"
187bd670-fd28-40a6-980b-23cefcf8f072,20300,46113,5220911,Warranty,24-09-2024,24-09-2023,169489,Plant B,vD85700,Convertible,Process,nD12LY7013,6638.0,JPY,Brake Pad,91047,1,Alex Deleon,False,False,False,2024-09-24,0,False,2023-09-24,False,False,2024-09-24,False,False,True,False,False,False,False,False,True,False,True,invalid_currency
9b9503e6-452d-481c-9665-c2383ef4da6b,92617,16867,4954104,Warranty,03-12-2024,09-02-2025,28334,Plant C,pa01516,Sedan,Mind,sl39yd3010,4255.0,JPY,Tire,335738,8,Chad Fuller,False,False,False,2024-12-03,0,False,2025-02-09,False,False,2024-12-03,False,False,True,False,False,False,False,True,True,False,True,"invalid_currency, Quantity exceed limit"
f986c1e0-9c7c-4a4a-b137-b898d5e3b412,4464,12080,6102567,Service,03-05-2024,28-08-2023,80113,Plant C,nU47571,Sedan,Sell,Nq82sd7386,4336.0,JPY,Engine Oil,995040,7,Shelby Bell,False,False,False,2024-05-03,1,False,2023-08-28,False,False,2024-05-03,False,False,True,False,False,False,False,True,True,False,True,"invalid_currency, Quantity exceed limit"
56e0e1b1-b579-4bc1-80cb-cfed13b9c1de,81746,73305,6181197,Recall,25-04-2021,14-05-2024,119078,Plant C,He71423,Sedan,Music,rc16Ci1413,1809.0,INR,Air Filter,425657,1,Caitlyn Phillips,False,False,False,2021-04-25,4,False,2024-05-14,False,False,2021-04-25,False,False,False,False,False,False,False,False,False,False,False, irregular pattern 
b5699e17-2b55-4c29-8e0b-f45810938205,59448,2182,2552694,Insurance,23-01-2022,,110232,Plant B,sW31796,Sedan,Month,xU91Ss4792,7692.0,JPY,Brake Pad,547946,2,Anna Williamson,False,False,False,2022-01-23,3,False,,False,False,2022-01-23,False,False,True,False,False,False,False,False,True,False,True,invalid_currency
ab781bc4-9087-442f-a12c-064ba5e64947,22879,55133,2570578,Warranty,17-01-2025,27-10-2022,92752,Plant C,eS19239,Truck,Fly,Vc86Uv2568,6160.0,INR,Air Filter,58537,4,Jennifer Rosales,False,False,False,2025-01-17,0,False,2022-10-27,False,False,2025-01-17,False,False,False,False,False,False,False,True,True,False,True,Quantity exceed limit
65815c2b-76da-44f0-b8ba-0f1a8b9707a5,77746,75624,9175563,Recall,02-09-2022,04-04-2023,165818,Plant A,ue18436,Convertible,Meet,Vn47HD7557,,USD,Engine Oil,833462,10,Heather Schwartz,False,False,False,2022-09-02,3,False,2023-04-04,False,False,2022-09-02,False,False,True,False,False,False,False,True,True,False,True,"invalid_currency, Quantity exceed limit"
bfa06320-037b-46cc-a068-fba5e547406e,38239,75422,165193,Service,05-08-2021,26-11-2023,127677,Plant C,lP79596,Convertible,Mean,Dh62IG8573,7496.0,JPY,Air Filter,350686,6,Adam Conley,False,False,False,2021-08-05,4,False,2023-11-26,False,False,2021-08-05,False,False,True,False,False,False,False,True,True,False,True,"invalid_currency, Quantity exceed limit"
486e6e48-605d-49f6-8d95-c9c058607198,60583,51151,8177572,Insurance,17-07-2022,11-06-2022,97057,Plant B,VS65114,Truck,Religious,bP14vN4071,1853.0,JPY,Brake Pad,629349,10,Anna Warner,False,False,False,2022-07-17,3,False,2022-06-11,False,False,2022-07-17,False,False,True,False,False,False,False,True,True,False,True,"invalid_currency, Quantity exceed limit"
668e7c57-0561-4989-819f-cac1e0444ea7,92103,24697,531602,Insurance,12-08-2024,30-10-2022,127281,Plant B,QI21146,SUV,Statement,yK82Br9915,3799.0,GBP,Tire,449373,5,,False,False,False,2024-08-12,1,False,2022-10-30,False,False,2024-08-12,False,False,True,False,False,False,False,True,True,False,True,"invalid_currency, Quantity exceed limit"
d19bc7ac-1fed-48d8-8556-532a947667c9,24995,42831,7281933,Service,21-12-2022,13-06-2023,84617,Plant A,Wl06928,Sedan,Write,lq72Ra5627,9114.0,GBP,Brake Pad,957850,6,Nathan Roberts,False,False,False,2022-12-21,2,False,2023-06-13,False,False,2022-12-21,False,False,True,False,False,False,False,True,True,False,True,"invalid_currency, Quantity exceed limit"
608898ab-e49e-4b04-ba7d-ab1cb887c2af,91068,12884,1494708,Recall,27-09-2023,10-10-2021,35364,Plant B,kS89132,SUV,Only,Zf52GN4142,3105.0,JPY,Air Filter,730393,10,Sabrina Arnold,False,False,False,2023-09-27,1,False,2021-10-10,False,False,2023-09-27,False,False,True,False,False,False,False,True,True,False,True,"invalid_currency, Quantity exceed limit"
70f7d7f5-2212-48bd-9642-3aa1054d0bfd,50207,66616,3180177,Service,13-11-2023,05-05-2021,173791,Plant B,jZ98604,Truck,Help,Je55Ii5891,682.0,JPY,Tire,597546,6,Mark Campbell,False,False,False,2023-11-13,1,False,2021-05-05,False,False,2023-11-13,False,False,True,False,False,False,False,True,True,False,True,"invalid_currency, Quantity exceed limit"
a9bd4aff-7f58-4f6f-88dc-9a8d53b9e1ec,21518,90486,4259076,Service,28-01-2023,16-03-2025,109466,Plant A,Ni40657,Sedan,Baby,EK96bc1805,4859.0,USD,Engine Oil,492626,3,Russell Frazier,False,False,False,2023-01-28,2,False,2025-03-16,False,False,2023-01-28,False,False,True,False,False,False,False,False,True,False,True,invalid_currency
a178dd5e-8bd8-4720-8d19-33a92abb400a,83688,22962,5556469,Recall,07-09-2024,16-10-2024,168805,Plant C,Tb84783,SUV,Thus,lI43SK7009,8330.0,JPY,Tire,553353,1,Jamie Frederick,False,False,False,2024-09-07,1,False,2024-10-16,False,False,2024-09-07,False,False,True,False,False,False,False,False,True,False,True,invalid_currency
7afb47f0-ffa5-45f3-b4b7-87ee564c34f2,36030,94929,3934966,Service,08-12-2021,06-05-2022,182613,Plant C,Pq22119,Truck,Plant,yb39NE7894,5710.0,INR,Brake Pad,634646,6,Kenneth Harris,False,False,False,2021-12-08,3,False,2022-05-06,False,False,2021-12-08,False,False,False,False,False,False,False,True,True,False,True,Quantity exceed limit
20e59754-f791-4f93-9d46-d9deeb3476c2,16970,73005,3267172,Insurance,21-09-2023,27-11-2024,20408,Plant C,RF27829,Truck,Piece,xc64yf8415,6447.0,USD,Air Filter,657939,1,David Hughes,False,False,False,2023-09-21,2,False,2024-11-27,False,False,2023-09-21,False,False,True,False,False,False,False,False,True,False,True,invalid_currency
1c3716ad-8aa1-473f-bee4-af249fcc76a4,27782,41973,3070492,Warranty,04-05-2024,27-03-2025,66198,Plant A,Pe84308,Sedan,Of,cN60RN6968,1039.0,JPY,Brake Pad,269499,5,Monica Goodwin,False,False,False,2024-05-04,1,False,2025-03-27,False,False,2024-05-04,False,False,True,False,False,False,False,True,True,False,True,"invalid_currency, Quantity exceed limit"
8996d043-ab3e-4892-80b1-a3cc0ea2e884,92244,62425,5491984,Warranty,04-09-2022,01-10-2023,89198,Plant A,Jh54542,Hatchback,Minute,cN46lo9568,3027.0,EUR,Brake Pad,450037,2,Corey Chapman,False,False,False,2022-09-04,3,False,2023-10-01,False,False,2022-09-04,False,False,True,False,False,False,False,False,True,False,True,invalid_currency
3ee057bb-3eb1-452d-b5e3-ee77c79f4560,96927,75066,6898127,Recall,07-08-2020,18-09-2021,179345,Plant A,RB87023,Sedan,Writer,Wj02wz2499,1325.0,INR,Spark Plug,466516,6,Francis Campbell,False,False,False,2020-08-07,5,False,2021-09-18,False,False,2020-08-07,False,False,False,False,False,False,False,True,True,False,True,Quantity exceed limit
43f82c93-0b98-420b-a57b-8b2d3bd78a3b,75297,14805,9087274,Recall,09-04-2025,18-09-2020,118544,Plant C,ZH16647,Truck,Pattern,My01gp2681,2230.0,GBP,Air Filter,967832,4,Anthony Jones,False,False,False,2025-04-09,0,False,2020-09-18,False,False,2025-04-09,False,False,True,False,False,False,False,True,True,False,True,"invalid_currency, Quantity exceed limit"
ddeb2975-d232-4138-b9ed-1c94bd7ab2e6,98623,63121,768175,Service,29-09-2024,23-05-2022,144539,Plant A,MB82228,Convertible,Foot,xT63KA2671,6217.0,EUR,Brake Pad,970880,2,Lori Mitchell,False,False,False,2024-09-29,0,False,2022-05-23,False,False,2024-09-29,False,False,True,False,False,False,False,False,True,False,True,invalid_currency
b9de99ad-eeca-45e3-becf-2f0114b7be5f,20095,77420,6417371,Insurance,21-09-2021,07-02-2023,53040,Plant C,Vp49473,Hatchback,Beat,qb53Aj7028,,USD,Brake Pad,205175,10,Ryan Dorsey,False,False,False,2021-09-21,4,False,2023-02-07,False,False,2021-09-21,False,False,True,False,False,False,False,True,True,False,True,"invalid_currency, Quantity exceed limit"
1741dec5-d86b-4c66-9083-5708ff565d90,54315,20645,3421615,Warranty,26-01-2022,10-02-2023,43846,Plant B,ne39532,Truck,Human,ph41dq8103,6129.0,INR,Spark Plug,485076,2,David Wallace,False,False,False,2022-01-26,3,False,2023-02-10,False,False,2022-01-26,False,False,False,False,False,False,False,False,False,False,False, irregular pattern 
529b1f57-637e-4aa7-b1e1-ba4608643f08,82632,48974,6464933,Warranty,24-08-2024,31-12-2020,70550,Plant C,Pa50157,Truck,Better,GI87UZ1263,5292.0,GBP,Spark Plug,4193,1,Steven Charles,False,False,False,2024-08-24,1,False,2020-12-31,False,False,2024-08-24,False,False,True,False,False,False,False,False,True,False,True,invalid_currency
5dc86a7b-ae17-4861-9b21-2aa3106e9693,75058,49936,630387,Service,07-11-2021,16-03-2024,67734,Plant A,dx56573,SUV,Available,dd47CE3190,344.0,JPY,Brake Pad,508706,2,Cynthia Conner,False,False,False,2021-11-07,3,False,2024-03-16,False,False,2021-11-07,False,False,True,False,False,False,False,False,True,False,True,invalid_currency
210b25f4-e92f-44f0-95c6-63eb5e48c660,92088,70473,5904877,Service,18-09-2024,05-05-2021,128213,Plant C,Et48086,Sedan,Important,uo54cZ4861,9041.0,EUR,Spark Plug,791129,3,Deanna Ramirez,False,False,False,2024-09-18,1,False,2021-05-05,False,False,2024-09-18,False,False,True,False,False,False,False,False,True,False,True,invalid_currency
6f49eefd-c523-4c91-b1e0-a2dd58017c95,88724,67248,4616992,Warranty,30-06-2024,27-01-2023,191762,Plant B,dB42940,SUV,Study,Cp98ZC6814,6836.0,USD,Engine Oil,216622,9,,False,False,False,2024-06-30,1,False,2023-01-27,False,False,2024-06-30,False,False,True,False,False,False,False,True,True,False,True,"invalid_currency, Quantity exceed limit"
938b4c43-f11f-4cf1-8798-0ac15e4a5557,97003,17336,4927846,Recall,14-03-2022,06-07-2023,4265,Plant C,Rt23915,Convertible,Employee,xa67RB7498,,INR,Spark Plug,683861,6,Jaime Freeman,False,False,False,2022-03-14,3,False,2023-07-06,False,False,2022-03-14,False,False,False,False,False,False,False,True,True,False,True,Quantity exceed limit
bebf45da-2290-4826-a9ea-95c801e07105,13870,10408,980023,Service,17-10-2023,23-07-2022,21062,Plant C,xi74946,Convertible,Yet,At06JR7141,7385.0,INR,Brake Pad,802925,1,Sara Good,False,False,False,2023-10-17,1,False,2022-07-23,False,False,2023-10-17,False,False,False,False,False,False,False,False,False,False,False, irregular pattern 
95eeeaa5-db67-44ce-80d6-9b6c4a8ee153,38651,12615,1412877,Warranty,22-07-2021,26-04-2022,160443,Plant B,vz74360,Sedan,Add,hb97rz6963,8218.0,GBP,Air Filter,139655,6,Robert Booth,False,False,False,2021-07-22,4,False,2022-04-26,False,False,2021-07-22,False,False,True,False,False,False,False,True,True,False,True,"invalid_currency, Quantity exceed limit"
85518248-ae60-4c2d-9ad1-cb387fb564f5,29645,74492,3162995,Service,23-06-2020,19-09-2022,94657,Plant A,ey72926,Truck,Magazine,lw11IT3559,1903.0,USD,Air Filter,464284,10,Gina Weaver,False,False,False,2020-06-23,5,False,2022-09-19,False,False,2020-06-23,False,False,True,False,False,False,False,True,True,True,True,"invalid_currency, Quantity exceed limit, Irregular patterns detected by Isolation Forest"
dbaeff32-507d-459d-b5b3-987d1a4d020c,472,7711,9844011,Recall,29-12-2024,21-11-2020,6072,Plant B,Wf70441,Hatchback,Space,gk92nM7518,8241.0,EUR,Tire,690923,3,Danielle Mitchell,False,False,False,2024-12-29,0,False,2020-11-21,False,False,2024-12-29,False,False,True,False,False,False,False,False,True,False,True,invalid_currency
51b37719-17be-4063-9a2c-0608918086e1,54929,80904,9676711,Recall,30-05-2022,28-06-2021,53941,Plant B,NQ07424,Sedan,Rate,hz88ZI0641,5898.0,INR,Air Filter,442355,7,April Wiggins,False,False,False,2022-05-30,3,False,2021-06-28,False,False,2022-05-30,False,False,False,False,False,False,False,True,True,False,True,Quantity exceed limit
190798ea-c16d-44be-a2db-34ea9d8a762b,94288,36417,8874083,Insurance,10-12-2022,02-03-2021,169843,Plant C,mZ96026,Sedan,Factor,Ka19SG2513,7675.0,USD,Air Filter,275683,1,Tyler Harris,False,False,False,2022-12-10,2,False,2021-03-02,False,False,2022-12-10,False,False,True,False,False,False,False,False,True,False,True,invalid_currency
41add4cb-687d-4a7c-836f-80f073120848,40366,94087,7423014,Insurance,20-11-2021,02-02-2021,188525,Plant C,OK42640,Hatchback,Pass,Ol82Sy8453,825.0,INR,Tire,278195,9,Amber Zhang,False,False,False,2021-11-20,3,False,2021-02-02,False,False,2021-11-20,False,False,False,False,False,False,False,True,True,False,True,Quantity exceed limit
a08ad99a-6b9f-45a9-b61d-214b1bfc4498,39808,89515,5565514,Service,01-09-2023,02-02-2022,153976,Plant A,KG16177,Hatchback,Resource,mQ76ju1495,549.0,JPY,Brake Pad,663,8,Kimberly Jones,False,False,False,2023-09-01,2,False,2022-02-02,False,False,2023-09-01,False,False,True,False,False,False,False,True,True,False,True,"invalid_currency, Quantity exceed limit"
e76949e0-c32b-4e48-96c2-dcb67129860a,19379,67027,9542117,Service,26-08-2022,10-10-2024,79709,Plant B,uo49194,Hatchback,Detail,Yc32dP6538,7427.0,EUR,Brake Pad,226482,2,Adam Haas,False,False,False,2022-08-26,3,False,2024-10-10,False,False,2022-08-26,False,False,True,False,False,False,False,False,True,False,True,invalid_currency
cf65125c-7945-4a07-a96f-91464fc65762,43415,87672,9053870,Service,01-11-2023,22-12-2023,32377,Plant A,bI46849,Convertible,Sing,vI16Tl7918,7383.0,USD,Air Filter,984539,8,Daniel Matthews,False,False,False,2023-11-01,1,False,2023-12-22,False,False,2023-11-01,False,False,True,False,False,False,False,True,True,False,True,"invalid_currency, Quantity exceed limit"
678bdb6f-0c10-4a54-a3aa-fae71ea4f9f3,6490,49228,8383782,Insurance,10-07-2021,09-03-2022,91326,Plant B,Ce87951,Convertible,Reveal,bM89PW6403,5541.0,JPY,Spark Plug,854595,6,Michael Williamson,False,False,False,2021-07-10,4,False,2022-03-09,False,False,2021-07-10,False,False,True,False,False,False,False,True,True,False,True,"invalid_currency, Quantity exceed limit"
d48a2b4d-36aa-4400-b1e1-0fb1979c9283,21869,11981,6412569,Recall,03-05-2023,11-01-2021,144290,Plant A,dS37754,SUV,But,UA79LQ9690,2379.0,GBP,Engine Oil,119858,5,Robert Dunlap,False,False,False,2023-05-03,2,False,2021-01-11,False,False,2023-05-03,False,False,True,False,False,False,False,True,True,False,True,"invalid_currency, Quantity exceed limit"
8772396f-1154-4613-9332-0b13a895f8c7,45268,97120,53852,Recall,02-01-2021,28-04-2023,36957,Plant A,hf48679,Sedan,Church,IS86Zi5842,221.0,EUR,Brake Pad,74311,8,Anthony Kelly,False,False,False,2021-01-02,4,False,2023-04-28,False,False,2021-01-02,False,False,True,False,False,False,False,True,True,False,True,"invalid_currency, Quantity exceed limit"
fc81111a-3418-4ff8-b57d-2b82c982d12f,76222,4050,585518,Service,13-05-2022,14-07-2022,89733,Plant B,ub75505,SUV,Couple,SU26BC8594,3865.0,GBP,Engine Oil,91586,3,Katie Hawkins,False,False,False,2022-05-13,3,False,2022-07-14,False,False,2022-05-13,False,False,True,False,False,False,False,False,True,False,True,invalid_currency
a76c5ae7-68c7-4e3f-8a91-fb3d59614a43,48790,42668,2611140,Recall,09-09-2023,22-11-2021,85524,Plant B,xn66137,Sedan,Way,VN11uN9924,1396.0,JPY,Brake Pad,70507,10,Jason Hernandez,False,False,False,2023-09-09,2,False,2021-11-22,False,False,2023-09-09,False,False,True,False,False,False,False,True,True,False,True,"invalid_currency, Quantity exceed limit"
61ee1d10-7849-482d-85eb-b67a026331bd,91722,24311,8204206,Insurance,08-11-2023,,182678,Plant B,uC13814,Sedan,Half,hz30Vf9274,5249.0,JPY,Brake Pad,785569,10,Ethan Davidson,False,False,False,2023-11-08,1,False,,False,False,2023-11-08,False,False,True,False,False,False,False,True,True,False,True,"invalid_currency, Quantity exceed limit"
cfbec830-0e02-4c37-b017-cf4beadd4451,13715,41499,402171,Service,13-02-2025,,87383,Plant A,Lj58467,Truck,Fast,Rl67Mj0465,5115.0,GBP,Tire,628404,10,Andrew Robinson,False,False,False,2025-02-13,0,False,,False,False,2025-02-13,False,False,True,False,False,False,False,True,True,False,True,"invalid_currency, Quantity exceed limit"
5f708fa4-1f05-4ef4-b20e-597735b4df5f,83431,30134,386553,Insurance,17-11-2023,20-05-2020,58403,Plant C,ag36691,SUV,Home,YJ50PV1390,,GBP,Spark Plug,404143,8,Amy Garcia,False,False,False,2023-11-17,1,False,2020-05-20,False,False,2023-11-17,False,False,True,False,False,False,False,True,True,False,True,"invalid_currency, Quantity exceed limit"
5917dc6c-4bde-4c72-8233-85274b255aff,3877,51628,4769902,Service,15-08-2021,12-05-2020,176889,Plant C,XC56696,SUV,Nearly,uo29fT8240,8863.0,GBP,Air Filter,423111,3,Stephanie Fuentes,False,False,False,2021-08-15,4,False,2020-05-12,False,False,2021-08-15,False,False,True,False,False,False,False,False,True,False,True,invalid_currency
1a1631ac-4bf6-4ccf-8c5b-e54f206d0b4f,71174,66379,3529888,Recall,16-01-2022,15-03-2022,145113,Plant B,Ku75091,Hatchback,Citizen,rY28Vm1289,7410.0,JPY,Air Filter,772932,10,Mr. Jason Brown Jr.,False,False,False,2022-01-16,3,False,2022-03-15,False,False,2022-01-16,False,False,True,False,False,False,False,True,True,False,True,"invalid_currency, Quantity exceed limit"
40c0684d-c551-487c-a0d7-72b0f56deaa3,37564,14897,9618186,Warranty,06-04-2024,05-04-2023,81259,Plant C,Qm63647,SUV,Skill,lY81Bt0386,8292.0,JPY,Spark Plug,930713,8,Laura Kidd,False,False,False,2024-04-06,1,False,2023-04-05,False,False,2024-04-06,False,False,True,False,False,False,False,True,True,False,True,"invalid_currency, Quantity exceed limit"
b532eb1e-f541-4370-886f-f81723d45482,17492,57514,9879385,Recall,27-09-2024,09-02-2025,47663,Plant B,xt32196,Hatchback,World,Nt21hy4017,9398.0,GBP,Engine Oil,797839,1,Matthew West,False,False,False,2024-09-27,0,False,2025-02-09,False,False,2024-09-27,False,False,True,False,False,False,False,False,True,False,True,invalid_currency
eaac9356-e51c-413d-b380-83de0db78cad,40928,22101,1691212,Warranty,20-06-2020,05-02-2021,100472,Plant A,Uy55145,Truck,Whole,hT97Yj8207,3450.0,JPY,Tire,437427,9,Robert Brown,False,False,False,2020-06-20,5,False,2021-02-05,False,False,2020-06-20,False,False,True,False,False,False,False,True,True,False,True,"invalid_currency, Quantity exceed limit"
0e92e077-6a91-42ac-a4dc-bdb7f808bb8b,76918,8550,366154,Recall,06-10-2024,13-01-2023,10768,Plant B,uf38116,Sedan,Race,Cc96MG9492,413.0,INR,Brake Pad,925809,5,Ryan Nelson,False,False,False,2024-10-06,0,False,2023-01-13,False,False,2024-10-06,False,False,False,False,False,False,False,True,True,False,True,Quantity exceed limit
f393d45f-e691-414d-b6a9-258deee35b66,43516,86496,4335761,Service,25-06-2022,27-11-2023,124866,Plant B,KV66244,Convertible,Power,Sd46Yh7987,6528.0,JPY,Brake Pad,443571,9,Debra Roach,False,False,False,2022-06-25,3,False,2023-11-27,False,False,2022-06-25,False,False,True,False,False,False,False,True,True,False,True,"invalid_currency, Quantity exceed limit"
bb97fd6d-610f-4394-9007-9d8fcb2fea72,59020,57293,9758290,Recall,11-04-2024,27-07-2021,164715,Plant A,ze47465,Convertible,Must,EG12SW2113,6155.0,GBP,Engine Oil,527715,4,Kimberly Phillips,False,False,False,2024-04-11,1,False,2021-07-27,False,False,2024-04-11,False,False,True,False,False,False,False,True,True,False,True,"invalid_currency, Quantity exceed limit"
9ff27f4f-c10a-441c-a74a-42667c08d62e,44547,93071,5261583,Service,15-04-2021,19-04-2023,104729,Plant A,zM58458,Sedan,War,sw40Da1362,5753.0,USD,Engine Oil,266716,8,Donna Stokes,False,False,False,2021-04-15,4,False,2023-04-19,False,False,2021-04-15,False,False,True,False,False,False,False,True,True,False,True,"invalid_currency, Quantity exceed limit"
0743552f-579d-471a-af29-0c24458e33c0,6330,46370,1116238,Recall,20-12-2020,01-09-2024,98845,Plant A,tg27403,Hatchback,Amount,zZ91Pz2559,7136.0,USD,Air Filter,334297,1,Deborah Moore,False,False,False,2020-12-20,4,False,2024-09-01,False,False,2020-12-20,False,False,True,False,False,False,False,False,True,False,True,invalid_currency
e9b8d365-61db-41b9-8dec-eb68704ac38b,33380,64917,601967,Service,03-09-2024,09-02-2022,156619,Plant B,rn61952,Sedan,Approach,Cm82ZQ0972,1021.0,JPY,Air Filter,875997,7,James Jones,False,False,False,2024-09-03,1,False,2022-02-09,False,False,2024-09-03,False,False,True,False,False,False,False,True,True,False,True,"invalid_currency, Quantity exceed limit"
b65f1fc7-d585-4dcb-aa2b-0a76ee95a69f,59348,31335,2228962,Warranty,28-12-2020,24-02-2021,73703,Plant A,ev73025,Truck,Wonder,qs63MQ0061,3081.0,JPY,Tire,97051,3,Mary Neal,False,False,False,2020-12-28,4,False,2021-02-24,False,False,2020-12-28,False,False,True,False,False,False,False,False,True,False,True,invalid_currency
875c42cb-92a5-4fe0-a792-eff48133ae95,75854,48947,1428379,Recall,16-05-2021,,52945,Plant B,SS86643,Truck,Experience,Ps09ST2981,,GBP,Spark Plug,263127,4,Eric Beck,False,False,False,2021-05-16,4,False,,False,False,2021-05-16,False,False,True,False,False,False,False,True,True,False,True,"invalid_currency, Quantity exceed limit"
5275185a-b6b7-4be9-b651-6b83c5a7239c,34764,37493,9559438,Service,03-03-2023,10-04-2024,159429,Plant B,Km47519,Sedan,Name,Jw75Fa7271,8582.0,GBP,Engine Oil,246892,4,Matthew Rodriguez,False,False,False,2023-03-03,2,False,2024-04-10,False,False,2023-03-03,False,False,True,False,False,False,False,True,True,False,True,"invalid_currency, Quantity exceed limit"
eacb5236-2047-476c-9a70-4a677bd8b9e4,39346,65105,4728089,Insurance,25-08-2020,24-03-2021,158162,Plant A,VU19487,SUV,Seven,zQ96IK2699,318.0,USD,Engine Oil,429842,2,Evan Wilson,False,False,False,2020-08-25,5,False,2021-03-24,False,False,2020-08-25,False,False,True,False,False,False,False,False,True,True,True,"invalid_currency, Irregular patterns detected by Isolation Forest"
d4d214ae-f335-4bf0-bdf1-7fe4dfc99703,48274,46001,3678359,Warranty,04-09-2024,06-04-2022,179706,Plant C,kh09185,Sedan,Significant,zg45YT5651,7304.0,USD,Brake Pad,47588,3,Juan Watson,False,False,False,2024-09-04,1,False,2022-04-06,False,False,2024-09-04,False,False,True,False,False,False,False,False,True,False,True,invalid_currency
812fad57-7621-4714-b508-8175c4854db5,2720,67952,8563648,Warranty,29-02-2024,23-07-2023,144731,Plant B,AV12565,Hatchback,Forget,PC83kK2121,8800.0,EUR,Brake Pad,347287,3,Deborah Moran,False,False,False,2024-02-29,1,False,2023-07-23,False,False,2024-02-29,False,False,True,False,False,False,False,False,True,False,True,invalid_currency
366b1f25-1227-42c1-ab72-9974e47f5956,46214,869,2996258,Recall,04-08-2020,30-12-2023,21952,Plant C,xI51867,Convertible,Lose,yh14UG6921,9033.0,EUR,Tire,887888,2,Stephanie Hall,False,False,False,2020-08-04,5,False,2023-12-30,False,False,2020-08-04,False,False,True,False,False,False,False,False,True,True,True,"invalid_currency, Irregular patterns detected by Isolation Forest"
6e6fbc1a-2800-4701-a086-e055ff3149c0,81470,23188,6278239,Service,09-10-2022,12-11-2024,47461,Plant B,xm06643,Sedan,Treatment,aB07Cw9933,9324.0,USD,Spark Plug,746339,1,Tracey Morris,False,False,False,2022-10-09,2,False,2024-11-12,False,False,2022-10-09,False,False,True,False,False,False,False,False,True,False,True,invalid_currency
f3f66205-6347-4489-8946-6c6829bef84b,83267,95653,1428653,Insurance,09-03-2025,01-02-2022,106343,Plant A,LY66636,SUV,Add,DL88jh1070,4438.0,GBP,Tire,280543,6,Dylan Hunter,False,False,False,2025-03-09,0,False,2022-02-01,False,False,2025-03-09,False,False,True,False,False,False,False,True,True,False,True,"invalid_currency, Quantity exceed limit"
9c780adc-3aa5-47e8-8368-fadda30c128e,94502,95653,9504721,Service,10-01-2023,24-05-2022,33263,Plant C,Cj73608,SUV,Thought,YJ27vH2418,6719.0,EUR,Engine Oil,747405,2,Allison Davis,False,False,False,2023-01-10,2,False,2022-05-24,False,False,2023-01-10,False,False,True,False,False,False,False,False,True,False,True,invalid_currency
5d5b6a7c-1ed4-4665-9473-fd113003d606,17879,21251,3134594,Recall,24-02-2023,29-07-2020,25531,Plant B,Vn13405,Truck,Party,Bu19ya8414,3168.0,EUR,Engine Oil,566145,2,Jennifer Avila,False,False,False,2023-02-24,2,False,2020-07-29,False,False,2023-02-24,False,False,True,False,False,False,False,False,True,False,True,invalid_currency
b33d4889-f327-40d5-8d0d-ee1ca58748fb,18811,73711,9310970,Service,06-01-2024,27-01-2024,119767,Plant C,sU39325,Sedan,Little,LH12hI0428,8351.0,JPY,Engine Oil,681411,3,Donna Griffin,False,False,False,2024-01-06,1,False,2024-01-27,False,False,2024-01-06,False,False,True,False,False,False,False,False,True,False,True,invalid_currency
490c855c-9baf-440e-8cae-7a971509aaca,73174,92040,8496879,Warranty,10-08-2020,15-06-2023,123923,Plant B,WY92543,Hatchback,While,Zi22tk4209,,GBP,Spark Plug,40435,9,Brandon Swanson,False,False,False,2020-08-10,5,False,2023-06-15,False,False,2020-08-10,False,False,True,False,False,False,False,True,True,False,True,"invalid_currency, Quantity exceed limit"
318a89b9-5236-4473-b088-34719d2deec0,26474,53410,5488675,Warranty,16-11-2021,04-07-2020,60424,Plant C,Vf00409,Hatchback,From,TR02zQ4642,1354.0,GBP,Spark Plug,940564,2,Jason Warren,False,False,False,2021-11-16,3,False,2020-07-04,False,False,2021-11-16,False,False,True,False,False,False,False,False,True,False,True,invalid_currency
e2c7ce9b-e3e2-4db5-895a-ac1913ef4d7a,98114,58465,8665620,Insurance,20-01-2022,11-06-2021,81752,Plant A,UE01266,Hatchback,Best,fn90RQ2213,6105.0,EUR,Brake Pad,348702,10,Mrs. Kimberly Thomas,False,False,False,2022-01-20,3,False,2021-06-11,False,False,2022-01-20,False,False,True,False,False,False,False,True,True,False,True,"invalid_currency, Quantity exceed limit"
3d88541c-98df-4838-8a42-82c366163c0e,98865,84667,3277015,Warranty,10-04-2021,04-10-2022,96841,Plant A,Hx50390,Convertible,Realize,pb82jL6450,3182.0,USD,Engine Oil,653222,2,Sabrina Lambert,False,False,False,2021-04-10,4,False,2022-10-04,False,False,2021-04-10,False,False,True,False,False,False,False,False,True,False,True,invalid_currency
8c629e66-ba61-464a-8d83-fdc0a2ad388a,80992,58690,5404802,Insurance,01-07-2020,29-12-2020,106956,Plant B,QL75326,Convertible,Doctor,iJ49JO4816,5928.0,USD,Brake Pad,343437,7,Joshua Webb,False,False,False,2020-07-01,5,False,2020-12-29,False,False,2020-07-01,False,False,True,False,False,False,False,True,True,True,True,"invalid_currency, Quantity exceed limit, Irregular patterns detected by Isolation Forest"
9fccbeaf-0c27-403c-a366-20c79d7a4229,248,8404,9049010,Recall,02-11-2024,15-06-2024,67298,Plant B,sd55784,Truck,Class,bY82Cw3647,996.0,EUR,Engine Oil,247770,1,Brianna Escobar,False,False,False,2024-11-02,0,False,2024-06-15,False,False,2024-11-02,False,False,True,False,False,False,False,False,True,False,True,invalid_currency
7d85e41e-629c-4cbe-b168-dc40768f609a,50794,75563,357984,Recall,30-07-2024,31-08-2021,19905,Plant A,ZX09729,Truck,Star,Ic16pt6041,1275.0,JPY,Brake Pad,589979,10,Peter Smith,False,False,False,2024-07-30,1,False,2021-08-31,False,False,2024-07-30,False,False,True,False,False,False,False,True,True,False,True,"invalid_currency, Quantity exceed limit"
b2ed9bec-aa53-47fe-8584-196f707abc0c,2516,13739,2645103,Service,13-07-2023,22-04-2021,124167,Plant C,qY28573,Hatchback,Ask,OS94rb7907,1916.0,EUR,Air Filter,654057,10,Jose Savage,False,False,False,2023-07-13,2,False,2021-04-22,False,False,2023-07-13,False,False,True,False,False,False,False,True,True,False,True,"invalid_currency, Quantity exceed limit"
0783ebbf-dbf5-4dc9-8250-e3c4436f76c5,49791,84877,5165098,Insurance,06-03-2022,26-10-2021,135169,Plant C,Or47341,Sedan,Performance,HZ48nR3201,5976.0,JPY,Air Filter,342869,3,Angela Caldwell,False,False,False,2022-03-06,3,False,2021-10-26,False,False,2022-03-06,False,False,True,False,False,False,False,False,True,False,True,invalid_currency
3c3c7c43-ffb3-4bdf-b013-bef49c530310,45699,74589,6308866,Service,21-03-2021,27-08-2022,53055,Plant C,aJ56262,Truck,Tax,jn79nZ4676,3081.0,GBP,Engine Oil,21504,9,Alexander Martin,False,False,False,2021-03-21,4,False,2022-08-27,False,False,2021-03-21,False,False,True,False,False,False,False,True,True,False,True,"invalid_currency, Quantity exceed limit"
063297bc-04df-4be3-bc7e-3af3439f1aab,690,53845,4603604,Service,11-09-2022,15-02-2024,112329,Plant B,Gp00169,Hatchback,Pick,cM93Sh3404,6911.0,EUR,Tire,3684,9,Blake Holland,False,False,False,2022-09-11,3,False,2024-02-15,False,False,2022-09-11,False,False,True,False,False,False,False,True,True,False,True,"invalid_currency, Quantity exceed limit"
a1174015-c394-4045-a5c3-531708674511,89580,9234,2368203,Service,24-09-2020,21-01-2021,47998,Plant A,jR88667,SUV,Weight,Ju12bK1837,302.0,USD,Tire,177532,4,Jeffrey Williams,False,False,False,2020-09-24,4,False,2021-01-21,False,False,2020-09-24,False,False,True,False,False,False,False,True,True,False,True,"invalid_currency, Quantity exceed limit"
a82bacd9-8117-4aba-be1c-8f1ea1f30cca,37715,83210,1531639,Service,30-08-2022,,135979,Plant A,Ee45887,Sedan,Network,uT23VW1590,2876.0,GBP,Engine Oil,720742,2,James Stephenson,False,False,False,2022-08-30,3,False,,False,False,2022-08-30,False,False,True,False,False,False,False,False,True,False,True,invalid_currency
5951a9ef-6b38-4458-a599-8e814b87392c,38381,88796,4845205,Service,15-11-2024,05-11-2021,62055,Plant A,yc05365,Convertible,Edge,Zd07CS2073,5947.0,USD,Spark Plug,596888,6,Kenneth White,False,False,False,2024-11-15,0,False,2021-11-05,False,False,2024-11-15,False,False,True,False,False,False,False,True,True,False,True,"invalid_currency, Quantity exceed limit"
f49afbdc-fcfb-41c6-85fd-8dc88f8a63c4,69435,62735,6278533,Warranty,05-06-2022,11-12-2020,150483,Plant C,XW15744,Truck,Relationship,tr84Gx2967,,GBP,Air Filter,353469,4,Luis Clark,False,False,False,2022-06-05,3,False,2020-12-11,False,False,2022-06-05,False,False,True,False,False,False,False,True,True,False,True,"invalid_currency, Quantity exceed limit"
a6dce92b-5775-4d9e-b382-b9a339318851,30395,34703,3071807,Warranty,12-10-2020,14-07-2024,73637,Plant A,aP54173,Truck,Ask,LS36Rn3895,2558.0,EUR,Spark Plug,195465,8,Anthony Moran,False,False,False,2020-10-12,4,False,2024-07-14,False,False,2020-10-12,False,False,True,False,False,False,False,True,True,False,True,"invalid_currency, Quantity exceed limit"
7bebb3f2-db09-433b-9dc2-0ab96513606c,48495,10267,3007426,Service,29-01-2025,14-05-2022,180438,Plant A,ky20633,Sedan,Specific,YP14jh7946,6812.0,INR,Tire,74141,3,Anthony Thomas,False,False,False,2025-01-29,0,False,2022-05-14,False,False,2025-01-29,False,False,False,False,False,False,False,False,False,False,False, irregular pattern 
51ae0630-c91a-4daf-b604-76a500705d57,81996,2043,4786540,Service,15-10-2023,06-06-2022,33002,Plant C,xH73412,Truck,Significant,hf69MS8545,4298.0,EUR,Tire,393121,3,Jordan Thompson,False,False,False,2023-10-15,1,False,2022-06-06,False,False,2023-10-15,False,False,True,False,False,False,False,False,True,False,True,invalid_currency
e242b5e6-2e71-47d5-a7d0-8f7c71234f52,95582,96245,7733429,Warranty,19-05-2024,24-01-2024,17642,Plant B,jq71086,Truck,Dream,NS95RS3369,8083.0,USD,Engine Oil,597013,6,Valerie Carlson,False,False,False,2024-05-19,1,False,2024-01-24,False,False,2024-05-19,False,False,True,False,False,False,False,True,True,False,True,"invalid_currency, Quantity exceed limit"
40edb150-6729-41a3-aac1-f78ed8e5223e,60685,34370,54685,Insurance,09-10-2022,04-12-2024,26418,Plant A,UY70142,Sedan,Garden,OW40Py6195,1859.0,INR,Spark Plug,334600,8,John Crawford,False,False,False,2022-10-09,2,False,2024-12-04,False,False,2022-10-09,False,False,False,False,False,False,False,True,True,False,True,Quantity exceed limit
da5860e0-885d-4510-901c-c0f98baf4588,85621,52618,7594541,Recall,17-09-2023,26-12-2021,76801,Plant A,zD20622,Truck,Environment,DI37Qt8570,1466.0,USD,Tire,40206,2,Katherine Johnson,False,False,False,2023-09-17,2,False,2021-12-26,False,False,2023-09-17,False,False,True,False,False,False,False,False,True,False,True,invalid_currency
f32ac0c0-f61a-4832-a95c-b0fb78648457,18176,35552,6273806,Service,01-03-2025,01-04-2022,118316,Plant C,vN06383,Sedan,Support,BT09Jo9325,2242.0,USD,Brake Pad,409550,10,Tammy Scott,False,False,False,2025-03-01,0,False,2022-04-01,False,False,2025-03-01,False,False,True,False,False,False,False,True,True,False,True,"invalid_currency, Quantity exceed limit"
74b763f7-0282-4702-b20e-a5f5b4669d05,78774,87546,3874954,Insurance,20-11-2023,28-10-2024,158554,Plant A,eF76709,Convertible,Assume,Ki87KL3366,4158.0,GBP,Air Filter,93430,6,,False,False,False,2023-11-20,1,False,2024-10-28,False,False,2023-11-20,False,False,True,False,False,False,False,True,True,False,True,"invalid_currency, Quantity exceed limit"
622d4241-1aca-43ff-8c19-6d70353d714d,63807,25680,6942868,Recall,18-09-2022,27-10-2023,70210,Plant C,ko85609,SUV,Religious,cZ44Yl1583,6181.0,INR,Spark Plug,375221,9,Vanessa Dixon,False,False,False,2022-09-18,3,False,2023-10-27,False,False,2022-09-18,False,False,False,False,False,False,False,True,True,False,True,Quantity exceed limit
ce3e47d9-0973-4bac-b886-3806bcbaf8ef,70148,1998,6563973,Warranty,24-04-2021,11-06-2024,47970,Plant B,mS30726,Hatchback,Near,Ur32iK9965,1948.0,USD,Air Filter,636028,9,Casey Fletcher,False,False,False,2021-04-24,4,False,2024-06-11,False,False,2021-04-24,False,False,True,False,False,False,False,True,True,False,True,"invalid_currency, Quantity exceed limit"
